Aini,Google One 2TB,https://one.google.com,Rp135.000,21 Juni 2025
Aini,Youtube Premium,https://youtube.com,Rp59.000,18 April 2026
Aini,Disney+ Hotstar,https://hotstar.com,Rp199.000,02 September 2026
Aini,Apple One,https://apple.com/apple-one,Rp129.000,14 Mei 2025
Aini,ChatGPT Plus,https://chat.openai.com,Rp300.000,02 Januari 2025
Aini,Vidio Premier,https://vidio.com,Rp29.000,08 September 2025
Aini,Canva Pro,https://canva.com,Rp95.000,25 Maret 2026
Radya,Discord Nitro,https://discord.com,Rp99.000,01 Agustus 2026
Radya,Youtube Premium,https://youtube.com,Rp59.000,23 Maret 2025
Radya,Canva Pro,https://canva.com,Rp95.000,12 November 2025
Radya,Google One 2TB,https://one.google.com,Rp135.000,08 Juli 2026
Radya,Disney+ Hotstar,https://hotstar.com,Rp199.000,20 September 2025
Radya,Microsoft 365,https://microsoft.com,Rp89.000,24 Desember 2026
Radya,Amazon Prime,https://amazon.com,Rp59.000,25 November 2026
